<?xml version="1.0" encoding="UTF-8"?>
<project-private xmlns="http://www.netbeans.org/ns/project-private/1">
    <editor-bookmarks xmlns="http://www.netbeans.org/ns/editor-bookmarks/2" lastBookmarkId="0"/>
    <open-files xmlns="http://www.netbeans.org/ns/projectui-open-files/2">
        <group>
            <file>file:/home/alexandre/dev/projetos/NetBeansProjects/ControleObi2/src/controleobi2/visao/JFramePrincipal.java</file>
            <file>file:/home/alexandre/dev/projetos/NetBeansProjects/ControleObi2/src/controleobi2/modelo/ArmazenamentoModalidade.java</file>
            <file>file:/home/alexandre/dev/projetos/NetBeansProjects/ControleObi2/src/controleobi2/ControleObi2.java</file>
            <file>file:/home/alexandre/dev/projetos/NetBeansProjects/ControleObi2/src/controleobi2/visao/JPanelRegistroModalidade.java</file>
            <file>file:/home/alexandre/dev/projetos/NetBeansProjects/ControleObi2/src/controleobi2/modelo/entidade/Modalidade.java</file>
        </group>
    </open-files>
</project-private>
